feature_set,n_features,cv_mean,cv_std,cv_min,cv_max
bulk_plus_cdr3_plus_derived,24,0.7295932678821877,0.055999105592952694,0.6413043478260869,0.8260869565217391
bulk_plus_cdr3,14,0.718848371513168,0.06263840385173734,0.5806451612903226,0.8260869565217391
bulk_only,6,0.7036309802088204,0.044961116542475685,0.6129032258064516,0.8043478260869565
