{
  "random_seed": 42,
  "test_size": 0.2,
  "n_rows": 461,
  "n_classes": 3,
  "class_counts": {
    "peptide": 230,
    "protein": 228,
    "Hapten": 3
  },
  "best_feature_set": "bulk_plus_cdr3_plus_derived",
  "best_model": "random_forest",
  "feature_columns": [
    "heavy_mw",
    "heavy_pi",
    "heavy_gravy",
    "light_mw",
    "light_pi",
    "light_gravy",
    "cdrh3_mw",
    "cdrh3_pi",
    "cdrh3_gravy",
    "cdrh3_charge",
    "cdrl3_mw",
    "cdrl3_pi",
    "cdrl3_gravy",
    "cdrl3_charge",
    "heavy_chain_length",
    "light_chain_length",
    "chain_length_ratio",
    "chain_length_diff",
    "heavy_basic_frac",
    "light_basic_frac",
    "heavy_aromatic_frac",
    "light_aromatic_frac",
    "cdrh3_length",
    "cdrl3_length"
  ],
  "feature_set_comparison": [
    {
      "feature_set": "bulk_plus_cdr3_plus_derived",
      "n_features": 24,
      "cv_mean": 0.7295932678821877,
      "cv_std": 0.055999105592952694,
      "cv_min": 0.6413043478260869,
      "cv_max": 0.8260869565217391
    },
    {
      "feature_set": "bulk_plus_cdr3",
      "n_features": 14,
      "cv_mean": 0.718848371513168,
      "cv_std": 0.06263840385173734,
      "cv_min": 0.5806451612903226,
      "cv_max": 0.8260869565217391
    },
    {
      "feature_set": "bulk_only",
      "n_features": 6,
      "cv_mean": 0.7036309802088204,
      "cv_std": 0.044961116542475685,
      "cv_min": 0.6129032258064516,
      "cv_max": 0.8043478260869565
    }
  ],
  "model_comparison": [
    {
      "model": "random_forest",
      "cv_mean": 0.6984450203628285,
      "cv_std": 0.05368037369724102,
      "cv_min": 0.6351351351351351,
      "cv_max": 0.7808219178082192
    },
    {
      "model": "logistic_regression",
      "cv_mean": 0.6033320992225102,
      "cv_std": 0.036855301811376986,
      "cv_min": 0.5405405405405406,
      "cv_max": 0.6486486486486487
    }
  ],
  "holdout_accuracy": 0.7311827956989247,
  "classification_report": {
    "Hapten": {
      "precision": 0.0,
      "recall": 0.0,
      "f1-score": 0.0,
      "support": 1.0
    },
    "peptide": {
      "precision": 0.6909090909090909,
      "recall": 0.8260869565217391,
      "f1-score": 0.7524752475247525,
      "support": 46.0
    },
    "protein": {
      "precision": 0.7894736842105263,
      "recall": 0.6521739130434783,
      "f1-score": 0.7142857142857143,
      "support": 46.0
    },
    "accuracy": 0.7311827956989247,
    "macro avg": {
      "precision": 0.49346092503987243,
      "recall": 0.49275362318840576,
      "f1-score": 0.4889203206034889,
      "support": 93.0
    },
    "weighted avg": {
      "precision": 0.7322323403817462,
      "recall": 0.7311827956989247,
      "f1-score": 0.7254946692825964,
      "support": 93.0
    }
  },
  "top_confusions": [
    {
      "true": "protein",
      "pred": "peptide",
      "count": 16
    },
    {
      "true": "peptide",
      "pred": "protein",
      "count": 8
    },
    {
      "true": "Hapten",
      "pred": "peptide",
      "count": 1
    }
  ]
}