model,cv_mean,cv_std,cv_min,cv_max
random_forest,0.6984450203628285,0.05368037369724102,0.6351351351351351,0.7808219178082192
logistic_regression,0.6033320992225102,0.036855301811376986,0.5405405405405406,0.6486486486486487
